"Intervals","days","Tair_mean","Tsoil_mean","RH_mean","VPD_mean","GR_mean","Rn_mean","PAR_mean","SWC_mean","H_f_mean","H_fqc_mean","LE_f_mean","LE_fqc_mean","ET_f_mean","ET_fqc_mean","NEE_uStar_f_mean","NEE_uStar_fqc_mean","GPP_uStar_f_mean","GPP_DT_uStar_mean","Reco_uStar_mean","Reco_DT_uStar_mean","H_fsd_mean","LE_fsd_mean","NEE_uStar_fsd_mean","Rg_fsd_mean","Tair_fsd_mean","Tsoil_fsd_mean","VPD_fsd_mean","ET_fsd_mean","Reco_DT_uStar_SD_mean","GPP_DT_uStar_SD_mean","P_sum","GR_sum","Rn_sum","PAR_sum","H_f_sum","LE_f_sum","ET_f_sum","NEP_uStar_f_sum","GPP_uStar_f_sum","GPP_DT_uStar_sum","Reco_uStar_sum","Reco_DT_uStar_sum","H_fsd_sum","LE_fsd_sum","NEP_uStar_fsd_sum","Rg_fsd_sum","Tair_fsd_sum","Tsoil_fsd_sum","VPD_fsd_sum","ET_fsd_sum","Reco_DT_uStar_SD_sum","GPP_DT_uStar_SD_sum","bowen_ratio_f","evaporative_fraction","closure_fraction","CUP","GSL","H_orig","LE_orig","NEE_uStar_orig"
"-","-","C","C","%","Pa","W+1m-2","W+1m-2","umol+1m-2s-1","m3 m-3","W+1m-2","-","W+1m-2","-","mm hour-1","-","umol+1s-1m-2","-","umol+1s-1m-2","umol+1s-1m-2","umol+1s-1m-2","umol+1s-1m-2","W+1m-2","W+1m-2","umol+1s-1m-2","-","C","C","hPa","mm hour-1","umol+1s-1m-2","umol+1s-1m-2","mm week-1","MJ m-2 week-1","MJ m-2 week-1","MJ m-2 week-1","MJ m-2 week-1","MJ m-2 week-1","mm week-1","g(C) m-2 week-1","g(C) m-2 week-1","g(C) m-2 week-1","g(C) m-2 week-1","g(C) m-2 week-1","MJ m-2 week-1","MJ m-2 week-1","g(C) m-2 week-1","MJ m-2 week-1","C week-1","C week-1","hPa week-1","mm week-1","g(C) m-2 week-1","g(C) m-2 week-1","-","-","-","days week-1","days week-1","%","%","%"
"01_24",7,-2.36375,-9999,89.7039,-9999,64.9085,-9999,125.009,-9999,15.8108,0.458333,7.65247,0.541667,610.95,0.541667,0.720264,0.589286,-0.157804,0.0920309,0.56246,0.472702,3.51655,1.35312,0.0731242,2.38791,1.94227,0.0613745,0.103267,108.052,0.102003,0.10588,0,39.2567,-9999,16.5438,9.56239,4.62822,102640,-5.22739,-1.14528,0.667924,4.08211,3.43068,2.12681,0.818364,0.530706,1.44421,652.603,20.6218,34.6978,18152.7,0.740294,0.768433,2.06611,0.326147,-9999,0,0,61.3,54.8,50
"02_24",7,-12.516,-9999,80.2764,-9999,79.5338,-9999,171.919,-9999,-2.02263,0.696429,4.32951,0.791667,342.602,0.791667,1.03526,0.815476,-0.175338,0.0936151,0.859922,0.454707,5.05124,2.90337,0.093128,2.74857,3.59609,0.217696,0.0819454,230.171,0.148482,0.159366,23.114,48.102,-9999,22.752,-1.22329,2.61849,57557.1,-7.5135,-1.27254,0.679421,6.24097,3.30008,3.05499,1.75596,0.675886,1.66234,1208.29,73.1459,27.5337,38668.7,1.07762,1.15662,-0.467173,1.87678,-9999,0,0,32.1,23.8,21.1
"03_24",7,-15.1317,-9999,70.1802,-9999,112.305,-9999,227.189,-9999,-9.59069,0.354167,3.42966,0.401786,271.904,0.401786,1.07272,0.583333,-0.196721,0.0974196,0.876001,0.412013,2.28947,1.06129,0.052154,3.14119,3.73485,0.221721,0.0825912,84.0907,0.0940513,0.109578,1.524,67.9223,-9999,30.0665,-5.80045,2.07426,45679.9,-7.78539,-1.42772,0.707033,6.35767,2.99023,1.38467,0.641869,0.378513,1.89979,1254.91,74.4981,27.7506,14127.2,0.682587,0.795277,-2.7964,-0.556669,-9999,0,0,64.6,61,43.8
"04_24",7,0.265623,-0.187518,93.1036,0.479401,72.657,20.1638,169.803,0.366239,2.7898,0.154762,4.08919,0.282738,327.739,0.282738,0.826282,0.514881,-0.190995,0.0959042,0.635287,0.450788,1.91704,1.17157,0.0619872,2.33654,2.98466,0.13876,0.145089,93.7345,0.0903212,0.113607,0,43.9429,12.1951,22.472,1.68727,2.47314,55060.1,-5.99683,-1.38617,0.696035,4.61066,3.27164,1.15942,0.708569,0.449878,1.41314,1002.85,46.6234,48.7499,15747.4,0.655515,0.824512,0.682239,0.594446,0.341154,0,0,84.5,71.7,48.5
"05_24",7,3.91766,0.53188,89.2189,-9999,100.561,44.3581,208.467,0.487775,5.69886,0.366071,7.78374,0.422619,627.14,0.422619,0.941611,0.494048,-0.233351,0.103742,0.708261,0.477681,4.58265,2.39526,0.0714322,2.96371,1.55422,0.4506,0.303131,192.626,0.102565,0.104895,1.778,60.8191,26.8278,27.5888,3.44667,4.70761,105360,-6.83384,-1.69356,0.752919,5.14027,3.46682,2.77158,1.44865,0.518426,1.79245,522.219,151.402,101.852,32361.2,0.744374,0.761285,0.732149,0.577317,0.303949,0,1,63.4,57.7,50.6
"06_24",7,3.80495,3.01589,74.6014,-9999,101.273,35.3132,211.476,0.483582,19.552,0.172619,12.5014,0.199405,1005.54,0.199405,1.08882,0.345238,-0.129489,0.1006,0.959335,0.57613,4.11265,2.41653,0.0614057,3.26801,1.93998,0.515942,0.41148,194.225,0.113063,0.0975828,0,61.2497,21.3574,27.9871,11.8251,7.56085,168930,-7.90225,-0.939782,0.730114,6.96247,4.18132,2.48733,1.46152,0.445658,1.97649,651.833,173.356,138.257,32629.8,0.820563,0.708217,1.56399,0.390018,0.907689,0,2,82.7,80.1,65.8
"07_24",7,0.16516,2.05109,64.241,-9999,156.573,61.0651,312.326,0.471351,44.3969,0.196429,13.6193,0.232143,1090.8,0.232143,0.996059,0.357143,-0.187803,0.102716,0.808255,0.537414,3.77905,2.48219,0.0707537,3.81487,2.48556,0.448394,0.643573,198.709,0.105828,0.10864,1.27,94.6955,36.9321,41.3336,26.8512,8.23693,183254,-7.22899,-1.363,0.745471,5.866,3.90033,2.28557,1.50123,0.513502,2.30723,835.148,150.661,216.241,33383.2,0.768059,0.788464,3.25986,0.234749,0.950071,0,1,80.4,76.8,64.3
"08_24",7,6.31431,3.17096,54.7757,-9999,172.713,70.0275,348.667,0.466213,47.0185,0.321429,14.7511,0.324405,1193.67,0.324405,0.906625,0.547619,-0.19315,0.0560909,0.713475,0.583546,4.80822,1.84225,0.113893,4.2017,3.02596,0.534205,1.04676,148.953,0.130772,0.0911847,0,104.457,42.3527,46.1431,28.4368,8.92148,200537,-6.57992,-1.40181,0.407085,5.17811,4.23514,2.90801,1.11419,0.826589,2.54119,1016.72,179.493,351.711,25024.2,0.949087,0.661782,3.18745,0.238809,0.882077,0,5,68.2,67.9,45.8
"09_24",7,5.7988,4.02981,50.3568,-9999,191.147,74.4298,382.483,0.463562,46.3282,0.21131,19.1642,0.244048,1549.94,0.244048,0.844746,0.294643,0.152924,0.0743731,0.997669,0.624546,4.62417,1.69737,0.0892126,4.3447,3.01489,0.412947,1.10533,137.069,0.126467,0.0674147,0,115.606,45.0152,50.6183,28.0193,11.5905,260390,-6.13083,1.10986,0.53977,7.24068,4.53271,2.7967,1.02657,0.647469,2.62767,1013,138.75,371.39,23027.7,0.917848,0.489269,2.41744,0.292617,0.879922,0,5,81.2,78,73.5
"10_24",7,4.37496,4.37162,51.2469,-9999,151.791,64.9263,311.477,0.454938,42.2678,0.241071,18.2325,0.28869,1470.38,0.28869,0.563813,0.473214,0.442703,0.370954,1.00652,0.733318,4.55413,2.5139,0.0925082,3.92722,2.72336,0.447338,0.908722,202.378,0.147183,0.104893,0.254,91.8031,39.2674,41.2213,25.5636,11.027,247024,-4.09193,3.21296,2.69223,7.30489,5.32213,2.75434,1.52041,0.671388,2.37518,915.05,150.305,305.33,33999.5,1.06819,0.761274,2.31827,0.301362,0.931831,0,4,75.9,71.7,54.5
"11_24",7,8.47917,6.7455,59.67,5.58419,182.603,76.8648,375.645,0.447968,36.4935,0.0922619,32.1346,0.142857,2597.11,0.142857,0.654013,0.252976,1.00718,1.1661,1.66119,2.10919,4.06154,2.79661,0.122186,4.13695,2.72737,0.503876,0.886434,225.69,0.0328108,0.030637,10.668,110.438,46.4879,49.7134,22.0712,19.435,436314,-4.74656,7.30972,8.46306,12.0563,15.3077,2.45642,1.69139,0.886779,2.50203,916.395,169.302,297.842,37915.9,0.238127,0.222351,1.13564,0.468243,0.89284,0,6,91.1,85.7,74.7
"12_24",7,3.12667,4.41415,55.7365,-9999,160.012,75.4174,329.685,0.438983,44.5853,0.110119,27.5659,0.119048,2216.38,0.119048,0.414004,0.238095,0.882065,1.06873,1.29607,1.67208,3.98526,2.77072,0.115183,3.9599,2.30788,0.462389,0.643854,222.4,0.023299,0.0190269,13.97,96.7756,45.6124,43.6309,26.9652,16.6719,372352,-3.00467,6.40168,7.75644,9.40635,12.1353,2.41028,1.67573,0.835954,2.39495,775.446,155.363,216.335,37363.2,0.169095,0.138089,1.61741,0.382058,0.956692,1,3,89.3,88.1,76.5
"13_24",7,4.9178,4.89217,68.0623,3.65088,163.322,81.2827,340.352,0.471374,43.9838,0.139881,32.0081,0.169643,2579.73,0.169643,0.0449677,0.261905,1.30445,1.73238,1.34942,2.09628,3.87721,3.35715,0.145745,4.06662,2.29261,0.471167,0.649761,270.422,0.0462439,0.0476741,2.54,98.7774,49.1598,45.0427,26.6014,19.3585,433394,-0.326357,9.46718,12.5729,9.79353,15.214,2.34493,2.0304,1.05776,2.45949,770.316,158.312,218.32,45430.9,0.33562,0.345999,1.37415,0.421204,0.934909,4,4,86.3,83,73.8
"14_24",7,8.20037,7.11949,61.972,-9999,212.676,110.31,438.432,0.463888,51.4569,0.208333,51.9097,0.294643,4197.06,0.294643,0.0813875,0.333333,2.25108,2.35563,2.33247,2.65176,5.38324,4.84043,0.256309,5.10506,1.9864,0.44609,0.801553,391.25,0.0671324,0.0838307,7.112,128.627,66.7158,58.0227,31.1211,31.395,705106,-0.590678,16.3375,17.0962,16.9281,19.2454,3.25578,2.92749,1.86019,3.08754,667.429,149.886,269.322,65729.9,0.48722,0.608409,0.991277,0.50219,0.937052,4,7,79.2,70.5,66.7
"15_24",7,13.2669,9.27776,48.3648,10.5443,271.285,138.929,562.482,0.444086,40.0699,0.145833,86.7112,0.136905,7062.68,0.136905,-2.11343,0.41369,5.5656,5.68706,3.45217,3.99178,5.32254,5.42667,0.339413,5.32119,2.61099,0.531019,1.39312,441.539,0.0971307,0.106034,0,164.073,84.0241,74.4396,24.2343,52.4429,1186530,15.3384,40.3929,41.2744,25.0545,28.9707,3.21907,3.28205,2.46332,3.21825,877.291,178.422,468.089,74178.5,0.704936,0.769554,0.462108,0.683944,0.912562,7,7,85.4,86.3,60.4
"16_24",7,11.1772,11.038,55.7925,7.22509,252.163,138.85,525.051,0.385616,35.6519,0.130952,98.9962,0.1875,8033.35,0.1875,-2.54166,0.383929,6.87084,6.85176,4.32918,4.32226,4.05984,6.50309,0.349966,5.85431,2.75367,0.656594,1.35576,526.626,0.157967,0.153544,17.018,152.508,83.9762,69.486,21.5622,59.8729,1349600,18.4463,49.8658,49.7273,31.4195,31.3692,2.45539,3.93307,2.53991,3.54069,925.233,220.616,455.534,88473.1,1.14646,1.11436,0.360134,0.735222,0.969741,6,6,87.2,81.2,63.4
"17_24",7,14.1758,11.456,66.2441,-9999,181.641,102.39,385.517,0.394845,14.5118,0.220238,77.9477,0.294643,6335.12,0.294643,-1.37594,0.404762,5.90989,6.76608,4.53396,5.72386,4.53688,6.41396,0.393562,5.34244,2.12782,0.513694,0.981753,520.733,0.114287,0.103634,43.942,109.856,61.9254,51.0199,8.77676,47.1428,1064300,9.986,42.8916,49.1055,32.9056,41.5415,2.74391,3.87916,2.85632,3.23111,714.947,172.601,329.869,87483.2,0.82945,0.752131,0.186174,0.843047,0.903014,6,7,79.8,72.6,61.6
"18_24",7,13.4383,12.3681,70.929,-9999,225.45,132.517,472.706,0.496536,8.17887,0.241071,113.195,0.291667,9202.26,0.291667,-4.53401,0.404762,10.0987,10.0261,5.56467,5.85782,5.17898,7.76433,0.483312,5.79797,1.58166,0.378307,1.08448,631.319,0.112974,0.147265,39.624,136.352,80.1461,62.5586,4.94658,68.4603,1545980,32.906,73.2922,72.7654,40.3862,42.5138,3.13225,4.69587,3.50769,3.50661,531.439,127.111,364.386,106062,0.819917,1.06879,0.0722547,0.932614,0.915914,7,7,76.5,71.4,60.4
"19_24",7,17.3786,13.7471,58.9138,-9999,253.679,146.652,531.477,0.521062,-8.23249,0.157738,150.794,0.205357,12311.1,0.205357,-3.90821,0.369048,11.0043,10.5461,7.09607,6.80713,5.16112,9.87083,0.625246,5.71918,1.67678,0.495741,1.27078,804.969,0.0983569,0.0965278,24.638,153.425,88.6952,70.3363,-4.97901,91.2001,2068260,28.3642,79.8646,76.5394,51.5004,49.4034,3.12145,5.96988,4.53779,3.45896,563.398,166.569,426.981,135235,0.713835,0.70056,-0.0545944,1.05775,0.972106,7,7,84.2,80.4,63.1
"20_24",7,18.6166,15.8889,64.7873,9.43439,248.427,138.075,523.084,0.458541,-2.44144,0.157738,125.167,0.1875,10232.9,0.1875,-1.14952,0.330357,9.90632,10.6094,8.7568,9.85368,4.93058,7.97809,0.498768,5.18698,1.58906,0.511368,1.31845,651.531,0.130974,0.102411,16.764,150.249,83.5078,69.2257,-1.47658,75.7008,1719130,8.34277,71.8961,76.999,63.5533,71.5141,2.98202,4.82515,3.61986,3.13708,533.925,171.82,442.999,109457,0.950558,0.743257,-0.0195055,1.01989,0.88883,5,7,84.2,81.2,67
"21_24",7,19.1101,17.1355,66.5312,-9999,287.26,172.971,610.196,0.557905,-0.283872,0.238095,159.564,0.270833,13032.3,0.270833,-1.67321,0.342262,10.1156,10.7098,8.44239,9.35188,5.18432,8.2446,0.404119,5.73749,1.49613,0.412566,1.29185,673.637,0.150885,0.126684,82.042,173.735,104.613,80.7542,-0.171686,96.5045,2189430,12.1435,73.415,77.7276,61.2715,67.8722,3.13548,4.98633,2.93293,3.47004,502.7,138.622,434.062,113171,1.09506,0.919422,-0.00177904,1.00178,0.920848,6,7,76.2,72.9,65.8
"22_24",7,19.8838,18.0093,67.7148,-9999,246.137,144.331,536.788,0.542946,-1.13207,0.178571,130.422,0.196429,10662.5,0.196429,-0.319878,0.333333,9.94007,10.972,9.6202,11.3672,4.42516,7.23167,0.447722,5.24388,1.39831,0.4404,1.29173,590.859,0.186126,0.137016,49.53,148.863,87.2912,71.0392,-0.684676,78.879,1791290,2.32155,72.1411,79.6305,69.8195,82.4985,2.67634,4.37371,3.24939,3.1715,469.831,147.974,434.02,99264.4,1.35083,0.994405,-0.00868008,1.00876,0.895787,4,7,82.1,80.4,66.7
"23_24",7,21.7608,19.8599,61.4323,-9999,287.2,173.42,610.886,0.560564,2.69691,0.208333,159.676,0.22619,13089.2,0.22619,0.982184,0.410714,10.9566,9.9794,11.9388,10.0221,4.48294,9.1688,0.49074,5.40657,1.47476,0.417254,1.53282,751.793,0.324229,0.251809,4.572,173.699,104.884,80.8454,1.63109,96.5718,2198980,-7.1283,79.5189,72.4265,86.6472,72.7365,2.71128,5.54529,3.5616,3.26989,495.518,140.197,515.028,126301,2.35312,1.82753,0.0168899,0.983391,0.936299,1,7,79.5,77.4,61.6
"24_24",7,25.0759,21.4792,56.5646,-9999,296.886,183.515,631.548,0.473001,16.4089,0.113095,141.208,0.127976,11597.8,0.127976,0.95906,0.303571,8.81904,9.49851,9.7781,10.7697,4.76899,8.05532,0.412484,5.35013,1.59793,0.47153,1.56085,661.528,0.180229,0.14792,17.272,179.557,110.99,83.5799,9.92409,85.4023,1948430,-6.96048,64.0051,68.9364,70.9656,78.1619,2.88428,4.87186,2.99365,3.23576,536.904,158.434,524.447,111137,1.30803,1.07354,0.116204,0.895894,0.858874,3,7,88.7,87.2,70.5
"25_24",7,24.6807,23.3127,74.0587,-9999,232.257,150.763,504.282,0.462836,17.606,0.139881,114.235,0.14881,9372.94,0.14881,2.839,0.193452,6.49888,7.46947,9.33788,10.3441,5.10928,6.88765,0.401195,5.58355,1.61545,0.516498,1.63757,565.218,0.147499,0.123719,14.986,140.469,91.1814,66.7373,10.6481,69.0891,1574650,-20.6043,47.1663,54.2104,67.7706,75.0733,3.0901,4.16565,2.91171,3.37693,542.791,173.543,550.223,94956.7,1.07049,0.8979,0.154122,0.86646,0.874491,0,7,86,85.1,80.7
"26_24",7,25.1608,24.6532,66.7285,-9999,283.543,169.774,620.703,0.392542,62.3548,0.127976,85.822,0.139881,7050.03,0.139881,2.47341,0.235119,4.50418,4.61812,6.97759,7.05869,5.96093,7.88977,0.403223,5.138,1.75936,0.489854,1.63518,647.594,0.279303,0.208977,9.652,171.487,102.679,82.1447,37.7122,51.9051,1184400,-17.951,32.6895,33.5164,50.6406,51.2292,3.60517,4.77174,2.92643,3.10746,591.145,164.591,549.421,108796,2.02707,1.51667,0.726559,0.579187,0.87279,0,7,87.2,86,76.5
"27_24",7,21.2287,-9999,80.6164,-9999,231.573,-9999,486.353,-9999,30.8581,0.58631,92.5104,0.60119,7568.17,0.60119,3.71854,0.699405,5.24499,4.1582,8.96353,7.55673,9.2172,11.2601,0.648392,5.48434,1.35768,0.532468,1.01654,921.622,0.303045,14.6357,160.782,140.055,-9999,64.3646,18.663,55.9503,1271450,-26.9877,38.066,30.1785,65.0537,54.8437,5.57457,6.81009,4.70577,3.31693,456.179,178.909,341.556,154832,2.19938,106.22,0.333564,0.74987,-9999,0,7,43.5,41.7,33.9
"28_24",7,24.2884,-9999,75.8277,-9999,313.622,-9999,661.627,-9999,42.8707,0.261905,129.188,0.294643,10607.8,0.294643,3.26146,0.419643,7.04127,7.15856,10.3027,10.1813,3.76442,5.88205,0.446468,5.05082,1.4226,0.414613,0.866406,482.877,0.380654,20.0753,0,189.678,-9999,87.5607,25.9282,78.133,1782120,-23.6704,51.1027,51.954,74.7731,73.8921,2.27672,3.55747,3.24029,3.05474,477.992,139.31,291.113,81123.4,2.76263,145.698,0.331847,0.750837,-9999,0,7,75,71.4,58.9
"29_24",7,22.1696,24.1553,78.5022,6.90834,236.636,144.202,506.336,0.482738,34.324,0.190476,94.7057,0.25,7756.99,0.25,3.01707,0.339286,6.24614,7.47415,9.26322,10.8211,3.52855,5.31626,0.475524,5.31582,1.37625,0.400682,0.842102,434.876,0.267011,2.58954,5.08,143.117,87.2136,67.0092,20.7592,57.278,1303170,-21.8967,45.332,54.2444,67.2287,78.5354,2.13407,3.21527,3.45116,3.215,462.419,134.629,282.946,73059.1,1.93786,18.7938,0.362428,0.733984,0.894782,0,7,81,75,66.1
"30_24",7,24.4036,24.6158,80.231,7.56324,271.29,165.65,571.408,0.437465,48.6518,0.229167,108.211,0.267857,8885.94,0.267857,1.46897,0.386905,5.71282,7.63475,7.18179,10.0109,5.02962,5.91449,0.407702,5.07435,1.26961,0.395996,0.831932,485.634,0.365049,6.85608,0,164.076,100.185,75.621,29.4246,65.4458,1492840,-10.6612,41.4614,55.41,52.1226,72.655,3.04191,3.57708,2.95894,3.06897,426.591,133.055,279.529,81586.5,2.64938,49.7587,0.449603,0.689844,0.94695,0,7,77.1,73.2,61.6
"31_24",7,25.4325,-9999,79.2055,-9999,288.303,-9999,620.252,-9999,50.8758,0.232143,112.233,0.261905,9226.11,0.261905,2.65107,0.380952,4.7098,6.71003,7.36088,10.6319,5.96304,7.61128,0.351398,5.16297,1.50911,0.354945,0.902192,625.985,0.532399,21.9298,48.006,174.365,-9999,82.085,30.7697,67.8786,1549990,-19.2404,34.1819,48.6987,53.4223,77.1623,3.60644,4.6033,2.55031,3.12257,507.061,119.262,303.137,105166,3.86394,159.158,0.453305,0.688087,-9999,0,7,77.1,74.1,63.1
"32_24",7,19.6111,23.1088,77.5975,6.18204,215.303,123.781,467.704,0.503523,46.7492,0.199405,88.3188,0.217262,7218.68,0.217262,2.71375,0.360119,5.02462,5.93269,7.73837,8.72236,3.45617,4.89668,0.420103,4.77851,1.70362,0.506259,0.862951,400.2,0.66643,6.8153,14.224,130.216,74.8627,61.8966,28.2739,53.4152,1212740,-19.6953,36.4667,43.0571,56.162,63.3034,2.09029,2.96151,3.04894,2.89004,572.417,170.103,289.951,67233.5,4.83668,49.4627,0.529323,0.653884,1.09119,0,7,80.1,78.3,64.3
"33_24",7,21.6293,23.212,87.8463,-9999,185.036,111.729,394.374,0.571888,25.5663,0.276786,80.2639,0.279762,6569.66,0.279762,5.30501,0.395833,5.53529,6.60176,10.8403,13.0237,3.48645,5.40411,0.520359,5.03908,1.1923,0.449668,0.540461,441.692,0.434272,18.4852,68.326,111.91,67.5735,52.1919,15.4625,48.5436,1103700,-38.5017,40.1729,47.9129,78.6746,94.5208,2.1086,3.26841,3.77655,3.04764,400.612,151.089,181.595,74204.3,3.15177,134.158,0.318527,0.758422,0.947208,0,7,72.6,72.3,60.7
"34_24",7,22.1044,22.9293,81.5763,5.63355,211.172,129.909,448.039,0.590356,24.0391,0.0892857,102.476,0.10119,8389.44,0.10119,3.00371,0.160714,6.33323,6.76634,9.33695,10.1489,2.79635,5.04327,0.450798,5.30895,1.36203,0.405531,0.732309,412.145,0.233196,11.9285,3.048,127.717,78.5689,59.2941,14.5389,61.9773,1409430,-21.7998,45.9641,49.1074,67.7638,73.6564,1.69123,3.05017,3.27171,3.21085,457.641,136.259,246.056,69240.4,1.69244,86.5724,0.234584,0.80999,0.973873,0,7,91.1,89.9,83.9
"35_24",7,22.6793,24.0797,78.4178,-9999,246.749,137.971,514.749,0.527923,31.9786,0.258929,95.6911,0.297619,7848.17,0.297619,2.60431,0.377976,5.504,5.76135,8.10831,8.63819,4.65797,6.05503,0.354651,4.95564,1.89976,0.466825,0.815145,496.013,0.301097,4.37803,4.064,149.234,83.4447,68.1226,19.3406,57.874,1318490,-18.901,39.9458,41.8136,58.8469,62.6925,2.81714,3.66208,2.57392,2.99717,638.319,156.853,273.889,83330.1,2.18524,31.774,0.334185,0.749521,0.925339,0,7,74.1,70.2,62.2
"36_24",7,17.462,20.7043,72.8163,-9999,240.775,116.29,500.228,0.461315,54.0511,0.181548,69.3359,0.202381,5662.75,0.202381,0.868919,0.321429,3.39237,3.11025,4.26129,3.56183,5.00215,5.20958,0.298912,4.8076,1.76894,0.547025,1.08896,425.745,0.21451,3.78006,0,145.62,70.3321,66.2009,32.6901,41.9344,951342,-6.30627,24.6204,22.573,30.9267,25.8503,3.0253,3.15076,2.16938,2.90763,594.365,183.8,365.89,71525.2,1.55682,27.4342,0.779554,0.561939,1.06103,0,7,81.8,79.8,68.2
"37_24",7,21.0915,21.0238,66.7484,10.4081,211.911,99.9762,442.364,0.429843,43.9984,0.139881,54.1744,0.166667,4439.5,0.166667,1.09893,0.258929,1.84192,2.21313,2.94085,3.33308,3.9612,3.09754,0.165387,4.59471,1.74247,0.399955,1.22045,253.656,0.0905318,0.0672802,0,128.164,60.4656,58.543,26.6103,32.7647,745836,-7.97557,13.3679,16.062,21.3435,24.1901,2.39574,1.87339,1.20031,2.77888,585.47,134.385,410.071,42614.2,0.657044,0.488293,0.812164,0.551827,0.981962,0,7,86,83.3,74.7
"38_24",7,22.0934,22.0819,68.1223,10.1819,173.515,80.6587,363.893,0.420068,34.3249,0.104167,43.9068,0.157738,3595.38,0.157738,1.85529,0.205357,1.20731,1.33854,3.0626,2.97498,3.64844,3.00814,0.160511,4.97359,1.89568,0.404073,1.29628,245.711,0.0849596,0.0692313,8.89,104.942,48.7824,48.1581,20.7597,26.5548,604024,-13.465,8.76218,9.71461,22.2271,21.5912,2.20657,1.81932,1.16492,3.00803,636.949,135.768,435.55,41279.5,0.616603,0.502453,0.781768,0.56124,0.969911,0,7,89.6,84.2,79.5
"39_24",7,17.8174,18.7235,64.7816,-9999,209.263,93.9779,433.649,0.414227,43.0996,0.220238,48.5347,0.238095,3969.58,0.238095,1.69852,0.5,1.673,1.58781,3.37152,3.1273,4.44112,4.39435,0.263596,4.6304,1.95826,0.475505,1.42802,358.824,0.298016,3.27763,0.762,126.562,56.8378,57.3897,26.0666,29.3538,666889,-12.3272,12.142,11.5237,24.4691,22.6967,2.68599,2.6577,1.91307,2.80046,657.977,159.77,479.813,60282.4,2.16288,23.7877,0.888016,0.529657,0.975062,0,7,78,76.2,50
"40_24",7,16.9066,17.4595,48.2642,12.4795,204.453,78.151,420.475,0.377094,44.4095,0.169643,34.4092,0.178571,2811.8,0.178571,0.506468,0.279762,1.21691,1.17063,1.72337,1.53361,4.31883,2.60233,0.152244,4.16357,2.05674,0.44888,1.41956,212.667,0.0856704,0.0677944,0,123.653,47.2657,55.6462,26.8589,20.8107,472383,-3.67574,8.83182,8.49599,12.5076,11.1303,2.61203,1.57389,1.10492,2.51813,691.063,150.824,476.974,35728.1,0.621761,0.492024,1.29063,0.436562,1.00854,0,7,83.3,82.1,72
"41_24",7,15.8305,16.3749,52.2498,-9999,177.504,65.3111,366.607,0.355523,44.4758,0.1875,24.9862,0.184524,2038.25,0.184524,0.452702,0.380952,0.978618,0.958337,1.43132,1.32816,4.00775,1.89068,0.133455,3.87907,2.56635,0.502071,1.34975,154.291,0.0375645,0.0480103,0,107.355,39.5002,48.5172,26.899,15.1116,342426,-3.28553,7.10242,6.95523,10.3879,9.63927,2.42389,1.14348,0.968565,2.34606,862.295,168.696,453.516,25920.9,0.272628,0.348439,1.78002,0.35971,1.06356,0,7,81.8,81.5,62.8
"42_24",7,12.9155,13.9121,45.2599,9.95394,171.795,56.4886,353.47,0.336348,39.8811,0.119048,16.7452,0.127976,1360.8,0.127976,0.448649,0.196429,0.516004,0.636015,0.964654,1.41823,4.38707,1.73213,0.120679,4.0099,2.52604,0.563654,1.14702,140.608,0.0291864,0.0321496,0,103.902,34.1643,46.7787,24.1201,10.1275,228615,-3.25612,3.74495,4.61595,7.00107,10.2929,2.6533,1.04759,0.875843,2.42519,848.748,189.388,385.4,23622.1,0.211823,0.233329,2.38164,0.295715,1.00244,1,7,88.1,87.2,80.7
"43_24",7,12.5271,13.687,59.8343,6.99985,151.383,47.4041,315.045,0.334941,25.8025,0.154762,26.7618,0.229167,2172.81,0.229167,0.983418,0.375,0.392264,0.998835,1.37568,2.31125,3.99572,2.71923,0.151597,3.88266,2.46919,0.553987,1.1191,220.438,0.0881125,0.0957316,8.128,91.5563,28.67,41.6935,15.6053,16.1855,365032,-7.13725,2.84689,7.24915,9.98415,16.7741,2.41661,1.64459,1.10023,2.34823,829.647,186.14,376.019,37033.6,0.639485,0.694782,0.964153,0.509125,1.10885,0,7,84.5,77.7,64.6
"44_24",7,12.8272,-9999,77.7967,-9999,92.5524,-9999,197.887,-9999,8.1364,0.375,24.6421,0.446429,1996.36,0.446429,1.61332,0.535714,0.518526,0.973356,2.13184,3.1022,3.92186,3.82619,0.186342,2.90032,2.43161,0.482963,0.999926,310.216,0.0797951,0.0994399,56.388,55.9757,-9999,26.1886,4.9209,14.9036,335388,-11.7088,3.76325,7.06423,15.4721,22.5146,2.37194,2.31408,1.3524,1.75411,817.021,162.276,335.975,52116.3,0.579121,0.721695,0.330183,0.751776,-9999,0,7,64.6,57.1,48.5
"45_24",7,8.70852,11.1095,87.1056,-9999,72.4577,27.0047,155.311,0.501878,4.39728,0.306548,26.9607,0.452381,2176.55,0.452381,1.34456,0.559524,1.3613,1.91195,2.70586,4.42668,3.48428,3.77888,0.237668,2.80299,1.78077,0.514161,0.522582,304.934,0.166806,0.276181,23.114,43.8224,16.3324,20.5541,2.65948,16.3059,365661,-9.75829,9.87979,13.8762,19.6381,32.1271,2.10729,2.28547,1.7249,1.69525,598.338,172.758,175.587,51228.8,1.21061,2.00441,0.163099,0.859772,1.16121,0,7,69.3,54.8,44
"46_24",7,7.59351,8.59948,74.0255,-9999,98.9122,19.2856,205.206,0.518621,-4.71695,0.178571,33.3415,0.241071,2694.32,0.241071,0.421889,0.354167,1.55342,1.51836,1.97531,1.85557,3.91079,3.36431,0.161799,3.09852,1.76835,0.444656,0.485066,271.359,0.0668,0.0659199,22.352,59.8221,11.6639,27.1572,-2.85281,20.1649,452645,-3.0619,11.2741,11.0196,14.336,13.467,2.36525,2.03474,1.17427,1.87398,594.164,149.405,162.982,45588.4,0.484808,0.47842,-0.141474,1.16479,1.48424,2,7,82.1,75.9,64.9
"47_24",7,4.56681,6.68157,71.0537,-9999,99.6696,17.551,201.971,0.532216,0.230343,0.232143,30.5821,0.252976,2460.22,0.252976,0.218955,0.327381,1.34433,1.26216,1.56328,1.49748,4.33981,3.04256,0.120695,2.9518,2.40012,0.497293,0.447551,244.608,0.0510922,0.0424922,28.956,60.2802,10.6149,26.7292,0.139311,18.496,413317,-1.58909,9.75658,9.16026,11.3457,10.8681,2.62472,1.84014,0.875953,1.78525,806.44,167.091,150.377,41094.1,0.370807,0.308391,0.00753196,0.992524,1.75559,4,3,77.1,75.6,68.2
"48_24",7,-3.69516,2.517,71.419,-9999,70.8318,9.02096,146.328,0.498226,16.6804,0.136905,13.6315,0.145833,1088.23,0.145833,0.43535,0.285714,0.557382,0.762965,0.992732,1.39766,3.1323,1.62541,0.102651,2.69735,2.14448,0.480431,0.339731,129.67,0.0281312,0.0345274,56.642,42.839,5.45588,19.3652,10.0883,8.24432,182823,-3.1596,4.04526,5.53729,7.20485,10.1436,1.89442,0.983048,0.745,1.63136,720.547,161.425,114.15,21784.6,0.204165,0.250586,1.22367,0.449708,3.36016,0,0,86.6,85.7,71.7
"49_24",7,-0.450853,1.25013,62.5659,2.91047,100.412,16.269,198.94,0.482632,16.7764,0.104167,11.3007,0.116071,906.208,0.116071,0.543973,0.270833,0.353638,0.703894,0.897611,1.32327,3.06769,1.23812,0.0821533,3.01309,2.46479,0.356608,0.499144,98.9694,0.0268201,0.0362228,0,60.7293,9.83951,26.328,10.1464,6.83466,152243,-3.94794,2.56656,5.10858,6.5145,9.60378,1.85534,0.748816,0.596236,1.82231,828.17,119.82,167.712,16626.9,0.19465,0.26289,1.48455,0.402488,1.7258,0,2,89.6,88.4,72.9
"50_24",7,-2.52311,1.16698,74.1046,-9999,69.8769,16.7581,143.918,0.475019,11.7808,0.190476,9.84073,0.294643,786.668,0.294643,0.624733,0.363095,0.175985,0.610062,0.800718,0.971563,3.64574,1.5182,0.102033,2.73175,2.32603,0.292176,0.47244,121.488,0.0206767,0.0178225,59.69,42.2616,10.1353,19.0463,7.12504,5.95167,132160,-4.53406,1.27723,4.42759,5.81129,7.05122,2.20494,0.918205,0.740517,1.65217,781.545,98.1711,158.74,20410.1,0.150063,0.129348,1.19715,0.455135,1.29022,0,0,81,70.5,63.7
"51_24",7,-1.72876,0.862743,69.2829,2.11914,87.0758,8.48937,174.472,0.468233,7.92314,0.181548,10.7429,0.264881,862.507,0.264881,0.833821,0.330357,0.357571,0.864909,1.19139,0.990906,3.42123,1.84463,0.114081,2.66708,2.11336,0.340115,0.377329,148.071,0.0180291,0.016615,0,52.6634,5.13437,23.0899,4.79192,6.49732,144901,-6.05154,2.59511,6.27716,8.64664,7.1916,2.06916,1.11563,0.827958,1.61305,710.089,114.279,126.783,24876,0.130848,0.120585,0.737522,0.575532,2.19876,0,0,82.1,73.8,67
"52_24",7,2.2244,1.94521,89.251,1.00623,46.9868,14.3176,100.154,0.467168,5.61832,0.235119,6.99221,0.39881,561.788,0.39881,0.636089,0.449405,0.5197,0.576626,1.15579,1.33021,2.68801,1.91479,0.111766,1.83089,1.79282,0.463239,0.298643,153.429,0.114994,0.589372,0,28.4176,8.65929,13.2545,3.39796,4.22889,94380.4,-4.61648,3.77177,4.18492,8.38825,9.65413,1.62571,1.15807,0.81115,1.10732,602.389,155.648,100.344,25776.1,0.83458,4.27742,0.803512,0.554474,0.880771,0,1,76.5,60.1,55.1
"53_24",2,0.893788,-9999,86.2637,-9999,12.301,-9999,30.3077,-9999,-4.42683,0.322917,11.0485,0.479167,882.164,0.479167,1.01473,0.5,0.152126,0.142603,1.16685,1.52785,3.51872,5.51428,0.28905,0.798283,2.44133,0.688004,0.322479,440.331,0.0600421,0.0315094,-9999,2.12561,-9999,1.14599,-0.764956,1.90918,42343.9,-2.10413,0.315449,0.295702,2.41958,3.16814,0.608034,0.952868,0.599375,0.137943,234.368,66.0484,30.958,21135.9,0.124503,0.065338,-0.400672,1.66854,-9999,0,0,67.7,52.1,50
